"MYE4: Population estimates: Summary for the UK, mid-2001 to mid-2020",,,,,,,,,,,,,,,,,,,,,,
This worksheet contains one table. Freeze panes are turned on. ,,,,,,,,,,,,,,,,,,,,,,
"To turn off freeze panes select the 'View' ribbon then 'Freeze Panes' then 'Unfreeze Panes' or use [Alt W, F]",,,,,,,,,,,,,,,,,,,,,,
Please choose from the links presented in the cells below to e-mail us your opinion on this table: ,,,,,,,,,,,,,,,,,,,,,,
"This met my needs, please produce it next year",,,,,,,,,,,,,,,,,,,,,,
I need something slightly different (please specify),,,,,,,,,,,,,,,,,,,,,,
This is not what I need at all (please specify),,,,,,,,,,,,,,,,,,,,,,
Code,Name,Geography,Mid-2020,Mid-2019,Mid-2018,Mid-2017,Mid-2016,Mid-2015,Mid-2014,Mid-2013,Mid-2012,Mid-2011,Mid-2010,Mid-2009,Mid-2008,Mid-2007, Mid-2006,Mid-2005,Mid-2004,Mid-2003,Mid-2002,Mid-2001
K02000001,UNITED KINGDOM,Country,67081234,66796807,66435550,66040229,65648054,65110034,64596752,64105654,63705030,63285145,62759456,62260486,61823772,61319075,60827067,60413276,59950364,59636662,59365677,59113016
K03000001,GREAT BRITAIN,Country,65185724,64903140,64553909,64169395,63785917,63258413,62756254,62275929,61881396,61470827,60954623,60467153,60044620,59557392,59083954,58685543,58236322,57931738,57668143,57424178
K04000001,ENGLAND AND WALES,Country,59719724,59439840,59115809,58744595,58381217,57885413,57408654,56948229,56567796,56170927,55692423,55235253,54841720,54387392,53950854,53575343,53152022,52863238,52602143,52359978
E92000001,ENGLAND,Country,56550138,56286961,55977178,55619430,55268067,54786327,54316618,53865817,53493729,53107169,52642452,52196381,51815853,51381093,50965186,50606034,50194600,49925517,49679267,49449746
E12000001,NORTH EAST,Region,2680763,2669941,2657909,2644727,2636589,2624579,2618736,2610563,2602387,2596441,2586868,2575441,2569312,2562045,2552568,2547127,2540502,2540461,2540600,2540090
E06000047,County Durham,Unitary Authority,533149,530094,526980,523662,521776,519347,517573,515923,514261,512994,510628,507311,505617,502960,499348,497218,495147,493931,493538,493678
E06000005,Darlington,Unitary Authority,107402,106803,106566,106347,106327,105998,105877,105726,105503,105584,105028,104355,103694,102632,101509,100287,99343,98911,98474,97894
E06000001,Hartlepool,Unitary Authority,93836,93663,93242,93019,92845,92498,92606,92662,92261,92088,91773,91530,91379,90969,90781,90457,90317,90134,89993,90152
E06000002,Middlesbrough,Unitary Authority,141285,140980,140545,140639,140326,139310,138991,138911,138726,138368,137667,137273,137885,138190,138169,138517,138451,139050,140090,141233
E06000057,Northumberland,Unitary Authority,323820,322434,320274,319030,317444,316453,316832,316389,316489,316278,315463,314489,314057,312960,311375,310752,310140,309448,308499,307363
E06000003,Redcar and Cleveland,Unitary Authority,137228,137150,136718,136005,135496,135324,135102,134960,134976,135164,135383,135867,136512,136940,137621,138177,138643,138565,138520,139159
E06000004,Stockton-on-Tees,Unitary Authority,197419,197348,197213,196487,195958,195128,194423,193433,192487,191824,190902,189978,189039,187937,187270,186350,185687,185699,184940,183795
E11000007,Tyne and Wear (Met County),Metropolitan County,1146624,1141469,1136371,1129538,1126417,1120521,1117332,1112559,1107684,1104141,1100024,1094638,1091129,1089457,1086495,1085369,1082774,1084723,1086546,1086816
E08000037,Gateshead,Metropolitan District,201950,202055,202508,202419,202628,201724,200781,200098,200272,200349,198731,197481,196078,194934,193615,192857,192317,192115,191559,191178
E08000021,Newcastle upon Tyne,Metropolitan District,306824,302820,300196,295842,293713,290764,288340,285821,281893,279092,276681,273422,271649,271577,270258,269608,266884,266862,267001,266241
E08000022,North Tyneside,Metropolitan District,208871,207913,205985,204473,203575,202725,202857,202167,201444,201206,200164,199017,197964,196470,195365,194120,193195,193037,192739,192003
E08000023,South Tyneside,Metropolitan District,151133,150976,150265,149555,149194,148495,148572,148384,148311,148164,148468,148509,148626,148642,148887,149585,150265,151181,152210,152793
E08000024,Sunderland,Metropolitan District,277846,277705,277417,277249,277307,276813,276782,276089,275764,275330,275980,276209,276812,277834,278370,279199,280113,281528,283037,284601
E12000002,NORTH WEST,Region,7367456,7341196,7292093,7258627,7223961,7175178,7133026,7103488,7084470,7055961,7019921,6986156,6958547,6929277,6901585,6870021,6840369,6814660,6784880,6772985
E06000008,Blackburn with Darwen,Unitary Authority,150030,149696,148942,148772,148462,147856,147416,147763,147854,147657,146966,146197,144902,143942,143110,142145,141418,140429,139538,138453
E06000009,Blackpool,Unitary Authority,138381,139446,139305,139870,139983,140162,140898,141603,142037,142080,142753,142578,142921,143644,143733,143688,143143,142658,142164,142270
E06000049,Cheshire East,Unitary Authority,386667,384152,380790,378846,377303,375722,374606,373006,372383,370736,369051,368023,367160,365003,362049,359807,357354,355529,353348,352104
E06000050,Cheshire West and Chester,Unitary Authority,343823,343071,340502,337986,335724,333949,332272,331069,330224,329526,329553,329116,329353,329364,328358,327169,325496,324378,322657,322154
E06000006,Halton,Unitary Authority,129759,129410,128432,127595,127306,126719,126501,126074,125781,125722,124802,123636,122907,122040,121275,120396,119960,119178,118788,118559
E06000007,Warrington,Unitary Authority,209397,210014,209547,209704,208973,207781,206681,205165,203795,202709,201309,200057,198187,196559,194603,192992,191837,191987,191615,191202
E10000006,Cumbria,County,499781,500012,498888,498375,498793,498581,498376,498499,499205,499817,500165,500786,500916,500779,498813,497040,494918,491329,488681,487795
E07000026,Allerdale,Non-metropolitan District,97831,97761,97527,97213,97099,96756,96532,96269,96269,96444,96301,96377,96186,95880,95279,95035,94846,94559,93816,93544
E07000027,Barrow-in-Furness,Non-metropolitan District,66726,67049,67137,67099,67532,67676,67769,67936,68471,69056,69429,69776,69844,70034,70267,70545,70845,70914,71340,71960
E07000028,Carlisle,Non-metropolitan District,108524,108678,108387,108274,108388,108109,108059,107992,107925,107475,106985,106966,107178,107293,106707,105562,104412,102777,101721,100764
E07000029,Copeland,Non-metropolitan District,68041,68183,68424,68689,69306,69688,69866,70052,70309,70627,70629,70662,70789,70677,70329,69899,69750,69273,69095,69251
E07000030,Eden,Non-metropolitan District,53754,53253,52881,52779,52642,52576,52649,52657,52687,52502,52678,52595,52427,52211,51891,51698,51393,50878,50276,49879
E07000031,South Lakeland,Non-metropolitan District,104905,105088,104532,104321,103826,103776,103501,103593,103544,103713,104143,104410,104492,104684,104340,104301,103672,102928,102433,102397
E11000001,Greater Manchester (Met County),Metropolitan County,2848286,2835686,2812569,2798799,2780844,2754017,2730123,2713572,2701377,2685386,2661841,2639833,2620007,2598619,2582260,2564055,2549752,2538555,2523214,2516096
E08000001,Bolton,Metropolitan District,288248,287550,285372,284813,283536,281828,280788,280271,279084,277296,275168,273049,270497,268319,266816,265016,264511,263814,262367,261302
E08000002,Bury,Metropolitan District,190708,190990,190108,189628,188503,187788,187287,186468,186150,185422,184755,183885,183000,182713,181809,181028,180999,181405,181084,180655
E08000003,Manchester,Metropolitan District,555741,552858,547627,545501,541319,529809,518834,513665,510501,502902,492598,483784,477408,470538,463749,455745,444925,436727,428221,422915
E08000004,Oldham,Metropolitan District,237628,237110,235623,233759,232349,230197,228182,226966,225734,225157,223807,222811,221907,220723,220033,219288,218988,218490,218455,218537
E08000005,Rochdale,Metropolitan District,223659,222412,220001,218459,216350,214314,212976,212137,211947,211929,210758,210248,209666,208393,207845,207200,207286,207528,206697,206440
E08000006,Salford,Metropolitan District,262697,258834,254408,251332,248121,245186,241539,238674,236946,234487,231837,228948,226782,223468,221931,219536,217921,217312,216310,216978
E08000007,Stockport,Metropolitan District,294197,293423,291775,291045,289821,288169,286388,284890,283766,283253,282614,282263,281477,280953,280498,281195,282368,282932,283502,284557
E08000008,Tameside,Metropolitan District,227117,226493,225197,224119,223109,221507,220696,220545,220201,219727,218774,217417,216360,214750,214187,213474,213667,213470,213211,213087
E08000009,Trafford,Metropolitan District,237579,237354,236370,235493,234210,232975,232319,230146,228308,227091,225234,223065,220939,219359,217369,215430,214129,213031,211062,210172
E08000010,Wigan,Metropolitan District,330712,328662,326088,324650,323526,322244,321114,319810,318740,318122,316296,314363,311971,309403,308023,306143,304958,303846,302305,301453
E10000017,Lancashire,County,1227076,1219799,1210053,1201855,1195418,1188875,1182605,1178594,1175370,1171558,1167579,1164141,1163352,1161832,1159140,1154308,1149463,1144581,1138374,1136542
E07000117,Burnley,Non-metropolitan District,89344,88920,88527,87705,87496,87262,87194,86829,87091,87032,86902,87027,87328,87256,87646,87624,87923,88282,88842,89521
E07000118,Chorley,Non-metropolitan District,118870,118216,116821,115772,114266,112963,111623,110531,109075,107591,106443,105682,105396,104362,103807,103279,102778,102003,101142,100559
E07000119,Fylde,Non-metropolitan District,81211,80780,79770,78863,78153,77490,77140,76548,76073,76098,75610,75441,75230,75305,74824,74841,74667,74212,73658,73340
E07000120,Hyndburn,Non-metropolitan District,81133,81043,80815,80410,80392,80113,80150,79953,80160,80549,80876,81003,81176,81453,81491,81311,81280,81408,81233,81495
E07000121,Lancaster,Non-metropolitan District,148119,146038,144246,142487,141723,140787,140172,139835,139317,137823,137120,136013,135812,136235,136682,136764,135472,134635,133628,134049
E07000122,Pendle,Non-metropolitan District,92145,92112,91405,90696,90515,89925,89655,89973,89541,89576,89234,89287,89005,88819,88788,88312,88330,88559,88830,89277
E07000123,Preston,Non-metropolitan District,144147,143135,141818,141346,141023,140685,139907,140002,140456,140054,138831,137956,138443,138470,137784,136200,134410,132685,131110,130372
E07000124,Ribble Valley,Non-metropolitan District,62026,60888,60057,59504,58864,58519,58105,57878,57606,57292,57218,57004,57158,56986,56664,56358,56054,55400,54659,54053
E07000125,Rossendale,Non-metropolitan District,71432,71482,70895,70365,69787,69418,69104,68698,68332,68053,67824,67479,67063,66623,66199,65872,65623,65729,65556,65647
E07000126,South Ribble,Non-metropolitan District,111086,110788,110527,110400,110136,109685,109116,108964,108999,109181,108846,108609,107830,107128,106512,105753,105578,105149,104522,103949
E07000127,West Lancashire,Non-metropolitan District,114496,114306,113949,113881,113061,112482,111845,111216,110911,110617,110763,110583,110666,110720,110308,109806,109588,109273,108750,108480
E07000128,Wyre,Non-metropolitan District,113067,112091,111223,110426,110002,109546,108594,108167,107809,107692,107912,108057,108245,108475,108435,108188,107760,107246,106444,105800
E11000002,Merseyside (Met County),Metropolitan County,1434256,1429910,1423065,1416825,1411155,1401516,1393548,1388143,1386444,1380770,1375902,1371789,1368842,1367495,1368244,1368421,1367028,1366036,1366501,1367810
E08000011,Knowsley,Metropolitan District,152452,150862,149571,148560,148001,147262,146429,146091,145942,145903,146398,147070,147822,148188,148788,148900,149216,149795,150506,151238
E08000012,Liverpool,Metropolitan District,500474,498042,494814,491549,487605,480873,474569,471789,470191,465656,461403,457523,454468,453582,453055,452278,448091,444960,443784,441858
E08000014,Sefton,Metropolitan District,275899,276410,275396,274589,274853,274089,273856,273372,273798,273969,273820,274153,274735,275085,275852,276957,278853,279913,280866,282884
E08000013,St. Helens,Metropolitan District,181095,180585,180049,179331,178480,177592,177191,176221,176124,175405,175203,175272,175106,174970,175199,175361,175738,175997,176295,176826
E08000015,Wirral,Metropolitan District,324336,324011,323235,322796,322216,321700,321503,320670,320389,319837,319078,317771,316711,315670,315350,314925,315130,315371,315050,315004
E12000003,YORKSHIRE AND THE HUMBER,Region,5526350,5502967,5479615,5450130,5425370,5390211,5360117,5337940,5316897,5288212,5254788,5223344,5198675,5164138,5134016,5108408,5063199,5026314,5000111,4976643
E06000011,East Riding of Yorkshire,Unitary Authority,343201,341173,339614,338061,337804,336756,337242,336072,335901,334673,333599,332748,332464,330865,328587,327268,325117,321869,318633,314854
E06000010,"Kingston upon Hull, City of",Unitary Authority,259126,259778,260645,260673,260035,258587,257414,257188,257012,256123,256174,256079,256746,255761,255497,255159,253049,250604,249463,249913
E06000012,North East Lincolnshire,Unitary Authority,159364,159563,159821,159826,159828,159971,160019,159963,159788,159735,158951,158689,158708,158589,158610,158725,158542,158373,158003,157951
E06000013,North Lincolnshire,Unitary Authority,172748,172292,172005,171294,170807,169843,169213,168716,168351,167516,166539,165572,164519,162801,161163,159679,158211,156196,154240,152964
E06000014,York,Unitary Authority,211012,210618,209893,208163,206920,205784,203654,202113,199567,197783,195070,192398,190768,189770,188977,188214,186643,183960,182088,181291
E10000023,North Yorkshire,County,620610,618054,614505,611633,609538,606017,604730,604724,603508,601206,599028,596396,594979,591247,587299,584001,579959,576130,573186,570094
E07000163,Craven,Non-metropolitan District,57338,57142,56832,56604,56343,55826,55750,55594,55492,55459,55398,55326,55586,55395,55086,54888,54412,54060,53770,53706
E07000164,Hambleton,Non-metropolitan District,91932,91594,91134,90718,90591,90074,89915,89997,89794,89602,89096,88645,88482,87748,86995,85972,85598,85336,84844,84168
E07000165,Harrogate,Non-metropolitan District,161545,160831,160533,160044,159768,159916,159631,159679,159396,158683,157531,156511,155843,155068,154270,153673,152518,151821,151549,151467
E07000166,Richmondshire,Non-metropolitan District,53732,53730,53244,53699,53876,52565,52812,53897,53808,53287,52877,52440,52125,51626,51003,50351,49399,48465,47798,47067
E07000167,Ryedale,Non-metropolitan District,55629,55380,54920,54311,53861,53332,52848,52334,52157,51893,51949,52157,52100,52078,51851,51948,51613,51196,50847,50910
E07000168,Scarborough,Non-metropolitan District,108737,108757,108736,108370,108157,108089,108152,108330,108662,108735,109014,108943,109015,108813,108728,108753,108548,107862,107246,106221
E07000169,Selby,Non-metropolitan District,91697,90620,89106,87887,86942,86215,85622,84893,84199,83547,83163,82374,81828,80519,79366,78416,77871,77390,77132,76555
E11000003,South Yorkshire (Met County),Metropolitan County,1415054,1409020,1402918,1393445,1385413,1375457,1366088,1358520,1352382,1343805,1332871,1323855,1315448,1306289,1299676,1293188,1283439,1276501,1271309,1266475
E08000016,Barnsley,Metropolitan District,248071,246866,245199,243341,241847,239855,237971,235811,233762,231865,230066,228973,227754,225989,224419,222618,221227,220165,218851,218124
E08000017,Doncaster,Metropolitan District,312785,311890,310542,308940,307374,305496,304398,303693,302920,302468,301299,300184,298388,296215,293990,292174,290850,290111,288647,286900
E08000018,Rotherham,Metropolitan District,264984,265411,264671,263375,262142,260929,260256,258817,258424,257716,256893,256313,255271,254180,253638,252675,251722,250886,249610,248349
E08000019,Sheffield,Metropolitan District,589214,584853,582506,577789,574050,569177,563463,560199,557276,551756,544613,538385,534035,529905,527629,525721,519640,515339,514201,513102
E11000006,West Yorkshire (Met County),Metropolitan County,2345235,2332469,2320214,2307035,2295025,2277796,2261757,2250644,2240388,2227371,2212556,2197607,2185043,2168816,2154207,2142174,2118239,2102681,2093189,2083101
E08000032,Bradford,Metropolitan District,542128,539776,537173,534800,532539,529879,527567,525936,524386,523115,518002,512392,507323,501357,495658,491361,484650,479166,475184,470753
E08000033,Calderdale,Metropolitan District,211439,211455,210082,209454,209069,207832,207042,206136,205200,204170,203049,202078,200960,199275,197761,196270,194980,193968,193201,192379
E08000034,Kirklees,Metropolitan District,441290,439787,438727,437145,435236,432855,429998,427831,425346,422970,418339,414785,411807,407974,404266,400724,397530,394486,392118,388980
E08000035,Leeds,Metropolitan District,798786,793139,789194,784846,781087,773213,765430,760894,757566,750683,747571,743885,741665,738560,736204,735054,723042,717592,716380,715609
E08000036,Wakefield,Metropolitan District,351592,348312,345038,340790,337094,334017,331720,329847,327890,326433,325595,324467,323288,321650,320318,318765,318037,317469,316306,315380
E12000004,EAST MIDLANDS,Region,4865583,4835928,4804149,4771666,4725390,4677425,4637369,4598548,4567798,4537448,4507071,4471653,4441125,4404774,4366676,4329112,4291476,4255080,4221753,4189622
E06000015,Derby,Unitary Authority,256814,257302,257174,257034,256203,253875,252313,251312,250582,248943,247035,243980,241865,239917,238110,236470,234501,232827,231979,230726
E06000016,Leicester,Unitary Authority,354036,354224,355218,353540,349513,344036,338491,334631,332067,329627,324912,319708,315473,311303,306548,301543,294127,288648,285295,282757
E06000061 ,North Northamptonshire ,Unitary Authority,350448,348228,345477,341841,336991,331763,327856,324009,321483,317959,314555,312196,309747,306155,301168,297012,293506,290977,287657,285093
E06000018,Nottingham,Unitary Authority,337098,332900,331069,329209,324779,318936,314385,310657,308463,303899,299753,294808,290783,288164,286459,284834,279624,275547,271769,268939
E06000017,Rutland,Unitary Authority,40476,39927,39697,39474,38949,38352,38263,37791,37096,37581,37670,37417,37478,37110,36510,36115,35623,35559,35295,34598
E06000062 ,West Northamptonshire ,Unitary Authority,406733,405050,402145,399368,395461,390404,385495,381646,378848,376008,373456,371268,368454,365907,362435,357438,353110,351689,349123,345893
E10000007,Derbyshire,County,807183,802694,796142,791966,786734,783082,780382,776639,773726,770688,767948,764317,761238,756594,752649,749009,745470,742242,738409,734888
E07000032,Amber Valley,Non-metropolitan District,128829,128147,126678,125898,124802,124188,124050,123592,122798,122521,122081,121532,121170,120436,120038,119152,118421,117898,117265,116560
E07000033,Bolsover,Non-metropolitan District,81305,80562,79530,79098,78225,77917,77231,76774,76480,76029,75691,75224,75058,74822,74347,73844,73601,73343,72527,71887
E07000034,Chesterfield,Non-metropolitan District,104930,104900,104628,104579,104527,104463,104331,104066,103788,103788,103417,103037,102609,102027,101674,101277,100545,99929,99256,98832
E07000035,Derbyshire Dales,Non-metropolitan District,72422,72325,71977,71849,71477,71301,71420,71372,71386,71104,71030,70705,70450,69850,69526,69509,69536,69368,69392,69418
E07000036,Erewash,Non-metropolitan District,115332,115371,115490,115314,115112,114684,114155,113246,112833,112249,111739,111283,110809,110184,109979,110102,110068,110080,110250,110126
E07000037,High Peak,Non-metropolitan District,92633,92666,92221,92063,91720,91523,91417,91172,91160,90982,91063,91047,90858,90553,90050,89627,89261,89185,89323,89400
E07000038,North East Derbyshire,Non-metropolitan District,102216,101462,101125,100780,100450,99661,99383,99306,99347,99100,98832,98474,98261,98067,97740,97666,97532,97127,96916,96927
E07000039,South Derbyshire,Non-metropolitan District,109516,107261,104493,102385,100421,99345,98395,97111,95934,94915,94095,93015,92023,90655,89295,87832,86506,85312,83480,81738
E10000018,Leicestershire,County,713085,706155,698268,690212,680466,673410,666682,660917,656182,651179,646292,642255,639236,634555,629556,624852,622134,617968,614065,610279
E07000129,Blaby,Non-metropolitan District,101950,101526,100421,98977,97562,96458,95836,95105,94608,94132,93935,93511,93341,92741,92266,91721,91664,91592,91225,90361
E07000130,Charnwood,Non-metropolitan District,188416,185851,182643,180387,177378,175167,172548,169993,168370,165876,164346,162330,160509,158667,157153,155768,154740,153664,153431,153554
E07000131,Harborough,Non-metropolitan District,95537,93807,92499,91461,90251,89144,87935,87426,86368,85699,84849,84132,83417,82593,81492,80486,79860,79118,78226,76818
E07000132,Hinckley and Bosworth,Non-metropolitan District,113666,113136,112423,111370,109881,108603,107560,106527,105956,105328,104734,104473,104179,103450,102996,102431,101953,101210,100482,100202
E07000133,Melton,Non-metropolitan District,51394,51209,51100,50873,50967,50956,51012,50868,50785,50495,50077,49481,49287,49153,48724,48605,48618,48429,48080,47875
E07000134,North West Leicestershire,Non-metropolitan District,104809,103611,102126,100109,98436,97098,95731,94716,93985,93670,93165,92728,92283,91476,90406,89623,88845,87794,86842,85678
E07000135,Oadby and Wigston,Non-metropolitan District,57313,57015,57056,57035,55991,55984,56060,56282,56110,55979,55186,55600,56220,56475,56519,56218,56454,56161,55779,55791
E10000019,Lincolnshire,County,766333,761224,755833,751171,744811,737350,731886,724523,719184,714768,711805,705599,700780,693739,685414,677324,672415,663197,655580,647640
E07000136,Boston,Non-metropolitan District,70837,70173,69366,68488,67709,66876,66454,65831,64855,64615,64475,63399,62176,61036,59770,58551,58090,56975,56391,55802
E07000137,East Lindsey,Non-metropolitan District,142030,141727,140741,139718,138743,138068,137722,136799,136651,136683,137251,137140,137466,136939,135960,135473,134889,133218,132144,130654
E07000138,Lincoln,Non-metropolitan District,100049,99299,99039,98438,97385,96641,95910,95371,94535,93085,92188,90813,90207,89873,89433,88603,87746,86405,85669,85584
E07000139,North Kesteven,Non-metropolitan District,118149,116915,115985,115230,113644,112186,111197,109935,109311,108518,107478,106456,105495,103844,102275,100710,99943,98593,96898,94378
E07000140,South Holland,Non-metropolitan District,95857,95019,93980,93295,92527,91245,90382,89184,88546,88390,87905,86987,85957,84506,83158,81696,80832,79299,77918,76714
E07000141,South Kesteven,Non-metropolitan District,143225,142424,141853,141662,140900,139376,138339,136612,135212,134125,133144,132188,131218,130196,128966,127665,127129,126209,125485,124877
E07000142,West Lindsey,Non-metropolitan District,96186,95667,94869,94340,93903,92958,91882,90791,90074,89352,89364,88616,88261,87345,85852,84626,83786,82498,81075,79631
E10000024,Nottinghamshire,County,833377,828224,823126,817851,811483,806217,801616,796423,790167,786796,783645,780105,776071,771330,767827,764515,760966,756426,752581,748809
E07000170,Ashfield,Non-metropolitan District,128337,127918,127151,126164,124513,123577,122490,121546,120120,119522,118566,117875,116971,116301,115704,115020,114105,113048,112488,111477
E07000171,Bassetlaw,Non-metropolitan District,118280,117459,116839,116304,115212,114689,114256,113704,113235,113003,112924,112563,112106,111314,110876,110488,110017,109276,108451,107843
E07000172,Broxtowe,Non-metropolitan District,114627,114033,113272,112718,112116,111837,111534,111077,110568,109749,109252,109217,108730,108272,108254,108290,108085,107822,107832,107481
E07000173,Gedling,Non-metropolitan District,118239,117896,117786,117128,116746,116142,115815,114974,114061,113741,113066,112688,112293,111924,111699,111919,111847,111684,111943,111812
E07000174,Mansfield,Non-metropolitan District,109351,109313,108841,108576,107880,106780,105972,105334,104812,104551,104120,103711,103269,102139,101347,100413,99706,99250,98367,98065
E07000175,Newark and Sherwood,Non-metropolitan District,123127,122421,121566,120965,119848,118695,117859,116878,115851,114982,114596,113914,113309,112471,111534,110553,109776,108359,106954,106351
E07000176,Rushcliffe,Non-metropolitan District,121416,119184,117671,115996,115168,114497,113690,112910,111520,111248,111121,110137,109393,108909,108413,107832,107430,106987,106546,105780
E12000005,WEST MIDLANDS,Region,5961929,5934037,5900757,5860706,5810773,5755032,5713439,5675030,5642763,5608667,5565866,5528007,5496240,5451924,5415521,5380687,5346376,5325475,5301243,5280727
E06000019,"Herefordshire, County of",Unitary Authority,193615,192801,192107,191041,189532,188522,187737,186389,185197,183619,182865,182367,181791,179930,178103,176587,176033,175648,175258,174885
E06000051,Shropshire,Unitary Authority,325415,323136,320274,317459,314392,312227,310774,309085,308416,307108,304523,302069,300473,297633,294531,291523,288810,286913,284901,283254
E06000021,Stoke-on-Trent,Unitary Authority,256622,256375,255833,255378,253659,251746,250956,250194,249792,248719,247381,245869,245509,243697,243069,241481,241078,240031,239955,240422
E06000020,Telford and Wrekin,Unitary Authority,181322,179854,177799,175768,173727,171677,169768,168642,167811,166831,165641,164889,164089,163368,162710,161535,160603,159848,159401,158573
E10000028,Staffordshire,County,883172,879560,875219,870825,866430,862166,859870,856837,852039,849546,845272,841270,838142,833122,827321,822713,818563,815228,810199,807152
E07000192,Cannock Chase,Non-metropolitan District,101484,100762,100109,99126,98513,98490,98508,98106,97932,97582,96898,96514,95999,95391,94991,94772,94179,93751,93000,92165
E07000193,East Staffordshire,Non-metropolitan District,120923,119754,118574,117552,116937,116196,115720,114940,114487,113858,112979,112033,111191,109776,108466,107609,106800,106065,104487,103938
E07000194,Lichfield,Non-metropolitan District,105637,104756,103965,103507,102831,102566,102062,101716,101175,100911,100424,100012,99490,98528,97432,96307,95580,94467,93679,93229
E07000195,Newcastle-under-Lyme,Non-metropolitan District,129610,129441,129490,128963,128126,126863,125978,125184,124104,123878,123351,123073,123213,123526,123191,123170,123076,122657,122165,122015
E07000196,South Staffordshire,Non-metropolitan District,112369,112436,112126,111890,111173,110712,110688,110323,108443,108318,108050,107561,107501,107144,106655,106428,106300,106300,106013,105942
E07000197,Stafford,Non-metropolitan District,137858,137280,135880,134764,133664,132220,132044,131984,131554,130895,130001,129041,128320,127055,125620,124361,123224,122447,121409,120712
E07000198,Staffordshire Moorlands,Non-metropolitan District,98427,98435,98397,98496,98176,98011,97838,97488,97239,97209,96987,96781,96604,96295,95888,95342,94980,94997,94927,94555
E07000199,Tamworth,Non-metropolitan District,76864,76696,76678,76527,77010,77108,77032,77096,77105,76895,76582,76255,75824,75407,75078,74724,74424,74544,74519,74596
E10000031,Warwickshire,County,583786,577933,571010,564562,558991,555154,552450,549517,548320,546554,544166,542131,539384,534381,529059,523653,518637,515056,510691,506193
E07000218,North Warwickshire,Non-metropolitan District,65452,65264,64850,64069,63193,62765,62448,62119,62206,62089,62066,62124,61968,61839,61920,61894,61769,61749,61825,61788
E07000219,Nuneaton and Bedworth,Non-metropolitan District,130373,129883,128902,128659,127674,126603,126309,126118,125867,125409,124759,124330,123868,122661,121787,121048,120668,120541,119625,119239
E07000220,Rugby,Non-metropolitan District,110650,108935,107194,106350,105291,104455,103189,101819,101030,100496,99035,97662,96434,94748,93051,91321,89998,89050,88653,87520
E07000221,Stratford-on-Avon,Non-metropolitan District,132402,130098,127580,125202,123345,122438,121779,121253,120794,120824,120191,119826,119666,118478,116708,114823,113483,112992,112258,111551
E07000222,Warwick,Non-metropolitan District,144909,143753,142484,140282,139488,138893,138725,138208,138423,137736,138115,138189,137448,136655,135593,134567,132719,130724,128330,126095
E11000005,West Midlands (Met County),Metropolitan County,2939927,2928592,2916458,2897303,2870551,2834490,2805891,2781753,2761887,2739733,2711938,2687116,2666062,2641758,2626028,2611863,2593992,2585480,2576364,2568015
E08000025,Birmingham,Metropolitan District,1140525,1141816,1141374,1137123,1128077,1112950,1101521,1092190,1085198,1074283,1061074,1050072,1038980,1029021,1020843,1014650,1002376,996356,990384,984642
E08000026,Coventry,Metropolitan District,379387,371521,366785,360149,353215,344288,335018,328423,322504,316915,311674,307393,305186,301429,300129,298386,298174,300665,301295,302804
E08000027,Dudley,Metropolitan District,322363,321596,320626,319419,317558,316331,315653,314357,313570,313261,312206,311088,310377,308686,307846,307004,306171,305585,305645,305052
E08000028,Sandwell,Metropolitan District,329042,328450,327378,325460,322631,319101,316289,313980,311245,309042,306181,302303,298358,294603,292516,290447,288849,287135,285637,284594
E08000029,Solihull,Metropolitan District,217487,216374,214909,213933,212166,210834,210227,209140,207450,206856,206329,205470,204778,203170,202351,201557,201153,200536,200028,199574
E08000030,Walsall,Metropolitan District,286716,285478,283378,281293,278887,275880,273933,271955,270844,269524,266834,264774,263034,260939,259454,258172,256702,255352,254287,253333
E08000031,Wolverhampton,Metropolitan District,264407,263357,262008,259926,258017,255106,253250,251708,251076,249852,247640,246016,245349,243910,242889,241647,240567,239851,239088,238016
E10000034,Worcestershire,County,598070,595786,592057,588370,583491,579050,575993,572613,569301,566557,564080,562296,560790,558035,554700,551332,548660,547271,544474,542233
E07000234,Bromsgrove,Non-metropolitan District,100569,99881,98662,97594,96770,95800,95519,94806,94281,93732,93507,93444,93097,92563,91734,91046,90516,89984,89021,87904
E07000235,Malvern Hills,Non-metropolitan District,79445,78698,78113,77165,76555,76136,76224,75560,75090,74706,74542,74141,74192,74020,73748,73425,73166,72885,72655,72171
E07000236,Redditch,Non-metropolitan District,85568,85261,84989,85204,85088,84821,84505,84505,84444,84318,83570,83102,82713,81762,81077,80110,79654,79466,79069,78779
E07000237,Worcester,Non-metropolitan District,100265,101222,101891,102314,101927,100985,100739,100363,99622,98679,97655,97117,96416,95532,95024,94470,93843,93873,93446,93369
E07000238,Wychavon,Non-metropolitan District,131084,129433,127340,125378,123144,121709,120007,118906,117777,117074,116863,116499,116229,116141,115451,114696,114258,113914,113453,113081
E07000239,Wyre Forest,Non-metropolitan District,101139,101291,101062,100715,100007,99599,98999,98473,98087,98048,97943,97993,98143,98017,97666,97585,97223,97149,96830,96929
E12000006,EAST,Region,6269161,6236072,6201214,6168432,6129005,6075970,6017250,5951934,5905914,5862418,5807402,5751443,5708350,5653534,5606294,5562653,5508564,5474133,5432688,5400463
E06000055,Bedford,Unitary Authority,174687,173292,171623,169912,168814,166376,163999,161553,159369,157840,156535,154808,154164,153107,152346,151747,151308,150684,149589,148113
E06000056,Central Bedfordshire,Unitary Authority,294096,288648,283606,280030,276731,272421,267846,263793,259591,255644,252460,250329,249035,246803,244351,242062,240444,238547,236297,234006
E06000032,Luton,Unitary Authority,213528,213052,214109,214658,215914,213581,210173,207404,205498,203641,199583,195449,192084,189742,187312,185392,183563,185016,185631,185889
E06000031,Peterborough,Unitary Authority,202626,202259,201041,198914,196735,193657,190493,188371,186596,184457,181762,178963,176027,172443,169887,167220,163485,160778,158794,157439
E06000033,Southend-on-Sea,Unitary Authority,182773,183125,182463,181808,180606,179234,178367,176236,175091,174274,172122,170013,168150,165429,163776,162645,161488,161437,161159,160362
E06000034,Thurrock,Unitary Authority,175531,174341,172525,170394,168428,166040,163822,161305,159837,158268,156585,155003,153633,151741,150206,148556,147056,145977,144728,143297
E10000003,Cambridgeshire,County,657204,653537,651482,648237,644575,641524,635186,628918,625908,622312,614899,606238,600808,594338,588890,583651,574445,568743,558916,554704
E07000008,Cambridge,Non-metropolitan District,125063,124798,125758,124919,124635,125105,123735,123024,122601,122725,120219,116746,116183,115454,116654,117217,112167,111317,109543,109941
E07000009,East Cambridgeshire,Non-metropolitan District,90172,89840,89362,88858,88189,87783,87045,85942,85220,84245,83303,82357,81035,79923,78429,77224,75996,77447,74328,73411
E07000010,Fenland,Non-metropolitan District,102080,101850,101491,100776,99636,98814,97591,96617,95975,95461,95135,94404,93653,92713,90647,88968,87983,86296,84676,83687
E07000011,Huntingdonshire,Non-metropolitan District,178985,177963,177352,176979,176095,175334,173883,172147,171206,170039,168352,167052,166346,164764,163896,162822,162654,159626,158476,157189
E07000012,South Cambridgeshire,Non-metropolitan District,160904,159086,157519,156705,156020,154488,152932,151188,150906,149842,147890,145679,143591,141484,139264,137420,135645,134057,131893,130476
E10000012,Essex,County,1497759,1489189,1477764,1468177,1457910,1445323,1433282,1417596,1407084,1396599,1388913,1379503,1373172,1362888,1354301,1345170,1334632,1326079,1319145,1312599
E07000066,Basildon,Non-metropolitan District,187558,187199,185862,184479,183768,181951,180676,178498,176538,174971,173788,173084,172423,170908,169951,168927,167825,167089,166743,165895
E07000067,Braintree,Non-metropolitan District,153091,152604,151561,151677,151233,150530,150076,149150,148375,147514,145972,144589,143894,142344,140921,139160,137426,135767,134272,132482
E07000068,Brentwood,Non-metropolitan District,77242,77021,76550,76575,76769,76403,75914,74734,74142,73841,73301,72663,71941,71346,71040,70542,69895,69234,68779,68483
E07000069,Castle Point,Non-metropolitan District,90524,90376,90070,89814,89752,89184,88912,88594,88219,87964,88115,88122,88020,87776,87576,87462,87207,87237,86866,86673
E07000070,Chelmsford,Non-metropolitan District,179549,178388,177079,176194,174197,172719,171590,170311,169379,168491,167441,166208,165047,164381,163879,163570,162505,160360,158686,157269
E07000071,Colchester,Non-metropolitan District,197200,194706,192523,190098,187633,184916,180973,177993,176185,173614,171679,169027,167927,165674,163847,162038,158652,157164,156055,156016
E07000072,Epping Forest,Non-metropolitan District,132175,131689,131137,130576,129923,129274,128451,126989,125997,124880,124189,123820,123365,122877,122530,121735,121495,121404,121482,120972
E07000073,Harlow,Non-metropolitan District,87280,87067,86594,86191,85867,85335,84619,83438,82814,82177,81490,80710,79913,79165,78722,78354,78019,78128,78340,78799
E07000074,Maldon,Non-metropolitan District,65401,64926,64425,63975,63418,62824,62801,62217,61946,61720,61845,61815,61660,61398,60993,60662,60303,59996,59750,59589
E07000075,Rochford,Non-metropolitan District,87627,87368,86981,86209,85708,85192,84809,83955,83895,83333,83415,83094,83056,82264,81490,80815,80100,79513,79325,78650
E07000076,Tendring,Non-metropolitan District,147353,146561,145803,144705,143353,141790,140395,139037,138395,138062,139058,139593,140421,140523,140423,140325,140340,139909,139318,138802
E07000077,Uttlesford,Non-metropolitan District,92759,91284,89179,87684,86289,85205,84066,82680,81199,80032,78620,76778,75505,74232,72929,71580,70865,70278,69529,68969
E10000015,Hertfordshire,County,1195672,1189519,1184365,1180934,1176386,1165332,1154195,1140618,1129291,1119824,1107641,1096599,1085434,1072954,1063202,1055483,1047366,1045337,1040387,1035523
E07000095,Broxbourne,Non-metropolitan District,97592,97279,96876,96762,96881,96311,95837,95107,94595,93702,93085,92395,91630,90833,89684,88800,87805,87817,87700,87203
E07000096,Dacorum,Non-metropolitan District,155457,154763,154280,153316,152445,151069,149515,148075,146728,145298,143651,142205,140802,139527,138973,138633,138403,138413,138118,137843
E07000242,East Hertfordshire,Non-metropolitan District,151786,149748,148105,147080,146130,144488,142781,140932,139405,138155,136922,135980,134843,133421,132078,131065,130456,130264,130029,129145
E07000098,Hertsmere,Non-metropolitan District,105471,104919,104205,104031,103705,103157,102540,101449,100895,100379,99402,98637,97642,96252,95225,94302,93788,94419,94295,94466
E07000099,North Hertfordshire,Non-metropolitan District,133463,133570,133214,133321,132655,131611,130902,129231,128302,127494,126286,125269,124391,122974,121890,120757,120092,119148,117959,117051
E07000240,St Albans,Non-metropolitan District,149317,148452,147373,147095,147025,146188,145208,143458,142137,141248,139511,137858,136088,134338,133293,131951,131284,131180,130407,129168
E07000243,Stevenage,Non-metropolitan District,88104,87845,87754,87739,87285,86579,85993,85520,84824,84247,83007,82253,81615,80734,80352,80330,80008,80308,80110,79794
E07000102,Three Rivers,Non-metropolitan District,93966,93323,93045,92641,92676,91797,90525,89566,88804,87921,87573,87096,86205,85282,84466,84305,83963,83946,83448,82905
E07000103,Watford,Non-metropolitan District,96623,96577,96767,96675,96577,96348,95553,93905,91940,90653,88574,86472,84776,82899,82145,82138,81097,80644,80185,80398
E07000241,Welwyn Hatfield,Non-metropolitan District,123893,123043,122746,122274,121007,117784,115341,113375,111661,110727,109630,108434,107442,106694,105096,103202,100470,99198,98136,97550
E10000020,Norfolk,County,914039,907760,903680,898390,891731,884748,877388,870296,864847,859426,852926,846355,841495,834945,829062,822890,815690,810127,803463,798618
E07000143,Breckland,Non-metropolitan District,141255,139968,139329,138602,137123,135698,134287,132995,131857,131009,129932,129431,128938,127797,126551,125493,123944,123247,122222,121585
E07000144,Broadland,Non-metropolitan District,131931,130783,129464,128535,127402,126626,125956,125499,125173,124740,124483,123819,123387,123242,122412,121637,121039,120333,119391,118814
E07000145,Great Yarmouth,Non-metropolitan District,99198,99336,99370,99417,98992,98615,98127,97736,97555,97424,97063,96414,95924,95211,94545,94113,93316,92526,91437,90945
E07000146,King's Lynn and West Norfolk,Non-metropolitan District,151245,151383,151811,151945,151797,151261,150214,149187,148579,147936,147134,146428,145551,144274,142790,140959,139621,138272,136831,135565
E07000147,North Norfolk,Non-metropolitan District,105167,104837,104552,104067,103587,103252,102872,102079,101829,101664,100780,100556,100887,100338,99907,99638,99374,99121,98723,98495
E07000148,Norwich,Non-metropolitan District,142177,140573,141137,140353,139865,138097,136587,135118,133867,132158,130923,129219,128034,126949,126805,125630,123857,122963,122376,122366
E07000149,South Norfolk,Non-metropolitan District,143066,140880,138017,135471,132965,131199,129345,127682,125987,124495,122611,120488,118774,117134,116052,115420,114539,113665,112483,110848
E10000029,Suffolk,County,761246,761350,758556,756978,751175,747734,742499,735844,732802,730133,723976,718183,714348,709144,702961,697837,689087,681408,674579,669913
E07000200,Babergh,Non-metropolitan District,92735,92036,91401,90794,90250,89900,89413,88704,88088,87901,87467,87411,87260,86916,86698,85957,85622,85066,84112,83538
E07000244,East Suffolk,Non-metropolitan District,250373,249461,248249,246913,245003,243264,242179,241426,240392,239946,239932,239877,240139,239249,237032,235651,233329,230868,228974,227736
E07000202,Ipswich,Non-metropolitan District,135979,136913,137532,138480,138515,137694,136429,135604,135065,133729,131729,129320,127387,125471,124753,124028,121175,119210,117818,117156
E07000203,Mid Suffolk,Non-metropolitan District,104857,103895,102493,101543,100720,100251,99596,98431,97789,97076,96244,95250,94603,93817,92070,90795,89492,88274,87684,87015
E07000245,West Suffolk,Non-metropolitan District,177302,179045,178881,179248,176687,176625,174882,171679,171468,171481,168604,166325,164959,163691,162408,161406,159469,157990,155991,154468
E12000007,LONDON,Region,9002488,8961989,8908081,8825001,8769659,8666930,8539398,8417458,8308833,8204407,8061495,7942594,7812161,7693473,7597825,7519009,7432730,7394817,7376671,7322403
E09000007,Camden,London Borough,279516,270029,262226,253361,249162,243837,236022,230486,224809,220087,214725,212924,210273,211520,211032,211088,207341,204254,203972,202567
E09000001,City of London,London Borough,10938,9721,8706,7654,7246,6687,6139,6031,6612,7412,7338,7472,7429,7607,7254,7131,7118,7115,7280,7359
E09000012,Hackney,London Borough,280941,281120,279665,275929,273239,268626,263112,257436,252212,247182,241739,236622,231041,224480,220193,216512,213581,212405,210961,207246
E09000013,Hammersmith and Fulham,London Borough,183544,185143,185426,182998,181783,182183,181679,181421,182117,182445,180842,180116,177088,176472,174675,173292,172083,171510,171989,169374
E09000014,Haringey,London Borough,266357,268647,270624,271224,272078,268251,264398,261033,257898,255540,252742,249805,244459,236793,233174,229271,226472,225027,224474,221251
E09000019,Islington,London Borough,248115,242467,239142,235000,232055,227507,221405,215855,211273,206285,200129,196704,192089,188636,185283,183477,180831,180899,180118,179387
E09000020,Kensington and Chelsea,London Borough,156864,156129,156197,155741,156773,158589,157830,157141,156912,158251,160463,161893,162579,162883,165245,168375,165752,165268,163827,162199
E09000022,Lambeth,London Borough,321813,326034,325917,324048,323063,320736,316637,312700,309366,304481,297650,294050,289126,284964,280524,277620,274262,272195,273041,273372
E09000023,Lewisham,London Borough,305309,305842,303536,301307,298903,294999,290284,284956,280705,276938,272525,270418,266508,261188,257976,254930,252455,251936,253662,254336
E09000025,Newham,London Borough,355266,353134,352005,347996,344533,336254,328066,321465,316295,310460,299171,286447,276478,266285,257994,253798,254434,256224,255282,249411
E09000028,Southwark,London Borough,320017,318830,317256,314232,311655,308434,302818,298663,293440,288717,283777,281120,276973,272626,267553,261811,257257,255242,256269,256712
E09000030,Tower Hamlets,London Borough,331969,324745,317705,307964,300943,293828,284596,273616,263624,256012,248520,240495,231893,225251,218400,213382,211154,208651,207031,201090
E09000032,Wandsworth,London Borough,329735,329677,326474,323257,321497,319477,316536,313091,309497,307710,302620,299347,294305,291440,287538,283229,278615,276828,274917,271742
E09000033,Westminster,London Borough,269848,261317,255324,244796,241974,238047,229899,225306,223737,219582,217187,216980,218673,220619,222829,223132,214557,211009,208100,203329
E09000002,Barking and Dagenham,London Borough,214107,212906,211998,210711,208182,203101,198650,194576,190663,187029,182838,177580,172452,169031,167157,166275,165610,166210,166357,165654
E09000003,Barnet,London Borough,399007,395869,392140,387803,384774,378778,373745,368301,363777,357538,351438,345829,339212,334837,330801,327541,323723,321802,320552,319481
E09000004,Bexley,London Borough,249301,248287,247258,246124,245095,242387,240016,236816,234308,232774,230711,228146,226652,224625,223280,222391,220917,220016,219123,218757
E09000005,Brent,London Borough,327753,329771,330795,329102,326427,323443,320101,317112,314593,312245,304785,298118,290901,283273,276504,270939,268335,268323,269871,269620
E09000006,Bromley,London Borough,332752,332336,331096,329391,327580,325303,321602,318167,314039,310554,308560,306924,304968,302625,300963,299421,297307,297253,296668,296218
E09000008,Croydon,London Borough,388563,386710,385346,384837,383301,380070,377073,373628,369189,364815,357951,352763,349308,344029,340449,339052,337134,335919,335415,335112
E09000009,Ealing,London Borough,340341,341806,341982,342736,344802,344285,342997,342108,340332,339314,334073,329966,324022,318671,315329,312774,310073,308108,309242,307276
E09000010,Enfield,London Borough,333587,333794,333869,332705,332127,328738,324409,320317,317257,313935,307648,301971,297443,291534,287429,284779,282217,281835,280745,277266
E09000011,Greenwich,London Borough,289034,287942,286186,282849,279139,274542,268853,264097,259986,255483,249171,243672,239748,236535,233990,230494,227190,224303,221476,217460
E09000015,Harrow,London Borough,252338,251160,250149,248880,248697,246818,245149,243004,241978,240499,237451,233495,229567,226355,223632,221109,216267,213728,212336,210044
E09000016,Havering,London Borough,260651,259552,257810,256039,253371,249375,246030,242142,239742,237927,236234,234127,231793,229789,228198,226990,225769,225248,225054,224717
E09000017,Hillingdon,London Borough,309014,306870,304824,302343,299899,296056,291368,285996,281179,275499,269465,265665,261051,256981,254387,251430,248691,248054,247063,245616
E09000018,Hounslow,London Borough,271767,271523,270782,269100,268270,266412,264030,261275,258518,254927,249236,243366,237907,233454,228126,223776,219440,216498,216888,215976
E09000021,Kingston upon Thames,London Borough,179142,177507,175470,174609,173703,171609,168433,165657,163200,160436,158648,157307,156027,154485,153667,152489,151055,149683,149642,149045
E09000024,Merton,London Borough,206453,206548,206186,206052,206706,205965,204598,203637,202047,200543,199136,198136,195859,194260,192520,190583,188908,189298,190561,191106
E09000026,Redbridge,London Borough,305658,305222,303858,301785,301328,297928,293853,288850,284625,281395,275088,270435,265452,259965,255590,251560,248774,247412,244273,241893
E09000027,Richmond upon Thames,London Borough,198141,198019,196904,195680,195187,194124,193315,191138,188971,187527,186304,184394,182927,182421,182520,181508,179312,177182,175441,174311
E09000029,Sutton,London Borough,207707,206349,204525,203243,201945,199870,197954,195787,193476,191123,189321,188167,185860,184174,182882,182103,181094,181267,181265,181461
E09000031,Waltham Forest,London Borough,276940,276983,276700,275505,274222,270671,267801,265650,262456,259742,254009,248140,242098,235665,230731,226747,225002,224115,223776,222015
E12000008,SOUTH EAST,Region,9217265,9180135,9133625,9080825,9030347,8949392,8874005,8793154,8724928,8652784,8577771,8490922,8426399,8351391,8270861,8202896,8133100,8087924,8045192,8023449
E06000036,Bracknell Forest,Unitary Authority,124165,122549,121676,120377,119730,119205,117997,116543,115089,113696,112893,111916,111455,110702,109896,109487,109189,109475,109490,109650
E06000043,Brighton and Hove,Unitary Authority,291738,290885,290395,288155,287173,284073,280650,277991,275724,272952,269495,265584,262019,258161,255564,252863,249847,249846,249743,249949
E06000060,Buckinghamshire,Unitary Authority,547060,543973,540059,535918,533056,527114,520900,515533,510983,506550,502820,498813,496371,493501,489348,485526,482126,480164,478768,479131
E06000046,Isle of Wight,Unitary Authority,142296,141771,141538,140984,140264,139763,139332,138555,138826,138392,138364,138361,138675,138289,137727,137179,135891,134783,133908,132925
E06000035,Medway,Unitary Authority,279142,278556,277855,277616,276957,275176,273212,270689,268130,264885,262738,260230,258224,255824,253478,252098,251459,251159,250262,249704
E06000042,Milton Keynes,Unitary Authority,270203,269457,268607,267521,266240,263181,260225,256376,252773,249895,245450,240178,235625,231033,227225,223462,219521,217597,215061,212707
E06000044,Portsmouth,Unitary Authority,214692,214905,215133,214718,213335,210538,208037,206670,206517,205433,202700,198983,196036,194907,195964,196318,193483,190283,188476,188043
E06000038,Reading,Unitary Authority,160337,161780,163203,163075,162701,161701,160268,158621,156795,155339,154296,152326,151460,149678,148321,146940,144590,144070,143915,144684
E06000039,Slough,Unitary Authority,149577,149539,149112,148768,147736,146038,144340,142672,141820,140713,137800,134742,131453,127991,125200,122874,120833,120869,120927,120577
E06000045,Southampton,Unitary Authority,252872,252520,252796,252359,250377,246054,242106,239858,238519,235870,233085,230017,228447,227223,226698,226655,223589,221989,220459,219539
E06000037,West Berkshire,Unitary Authority,158465,158450,158527,158473,158576,157460,156633,156031,154704,154148,153943,153039,152024,150056,148107,146492,145147,144297,143913,144494
E06000040,Windsor and Maidenhead,Unitary Authority,151273,151422,150906,150140,149689,148277,147476,146278,145742,145098,143988,142424,141345,139743,138012,136446,135066,134201,133631,133541
E06000041,Wokingham,Unitary Authority,173945,171119,167979,164980,163087,161200,159414,158065,156658,154943,154650,154165,153191,152144,150548,149598,149008,148794,149445,150334
E10000011,East Sussex,County,558852,557229,554590,552259,549557,545021,540503,534904,531088,527209,523651,520370,519197,515891,511525,508519,505007,501148,496927,493130
E07000061,Eastbourne,Non-metropolitan District,103324,103745,103160,103251,103003,102204,101340,100363,99901,99308,98510,98228,98361,97616,96532,95500,93772,92163,90829,89836
E07000062,Hastings,Non-metropolitan District,92554,92661,92855,92813,92903,91937,91360,90906,90377,90173,89623,89293,88722,88024,87516,87419,86854,86596,85873,85392
E07000063,Lewes,Non-metropolitan District,103525,103268,102744,102257,101631,100898,100428,99626,98695,97584,97079,96114,95455,94782,94162,93832,93794,93227,92901,92247
E07000064,Rother,Non-metropolitan District,96716,96080,95656,94997,93966,93192,92370,91232,91065,90729,90578,90123,90120,89262,88221,87684,87183,86718,86174,85471
E07000065,Wealden,Non-metropolitan District,162733,161475,160175,158941,158054,156790,155005,152777,151050,149415,147861,146612,146539,146207,145094,144084,143404,142444,141150,140184
E10000014,Hampshire,County,1389206,1382542,1376316,1370728,1365103,1356994,1349627,1340180,1331394,1322118,1312347,1301706,1293565,1283441,1272498,1263075,1255419,1250515,1245073,1241431
E07000084,Basingstoke and Deane,Non-metropolitan District,177760,176582,175729,175337,175226,174340,173374,172050,170691,168550,166364,164135,162036,160183,158765,157499,155737,154833,153641,152874
E07000085,East Hampshire,Non-metropolitan District,123838,122308,120681,119392,118705,118694,117985,117401,116574,116010,115350,114261,113172,112296,111131,110482,109960,109561,109606,109369
E07000086,Eastleigh,Non-metropolitan District,135520,133584,131819,130498,129546,128977,128867,127759,126759,125852,124240,122377,121312,120596,119436,118089,117066,116696,116430,116257
E07000087,Fareham,Non-metropolitan District,116338,116233,116339,116219,115818,115182,114663,113873,112888,111931,111382,110832,110205,109399,108397,108077,108473,108545,108451,108152
E07000088,Gosport,Non-metropolitan District,84679,84838,85283,85509,85492,84757,84346,83542,83272,82669,82307,81961,81730,80627,79579,78646,78099,77585,76831,76676
E07000089,Hart,Non-metropolitan District,97608,97073,96293,95465,94882,94395,93680,92959,92224,91662,91276,90986,90566,89866,88874,87519,86367,85180,84238,83590
E07000090,Havant,Non-metropolitan District,126339,126220,125813,125065,123891,123122,122345,121671,121285,120783,120105,119394,119039,118282,117824,117542,117362,117346,117173,116886
E07000091,New Forest,Non-metropolitan District,179649,180086,179753,179590,179529,179275,179014,178186,177480,176789,176323,175432,174548,174048,173269,172423,171769,171256,170595,169506
E07000092,Rushmoor,Non-metropolitan District,94387,94599,95142,95817,96091,95166,95228,94897,94806,94354,93397,92572,92589,91891,91065,90040,89358,89727,89877,90892
E07000093,Test Valley,Non-metropolitan District,127163,126160,125169,123957,122823,121352,119835,118805,117341,116698,115814,115251,115101,114433,113530,112811,112049,111271,110387,109965
E07000094,Winchester,Non-metropolitan District,125925,124859,124295,123879,123100,121734,120290,119037,118074,116820,115789,114505,113267,111820,110628,109947,109179,108515,107844,107264
E10000016,Kent,County,1589057,1581555,1568623,1554636,1540438,1523100,1509301,1493114,1480151,1466466,1451905,1435269,1423308,1407791,1389634,1375217,1361384,1349046,1338968,1331194
E07000105,Ashford,Non-metropolitan District,131018,130032,129281,127527,125871,124047,123159,121684,120128,118405,116975,115694,114556,113286,111459,109409,107264,105636,104377,103024
E07000106,Canterbury,Non-metropolitan District,166762,165394,164553,164100,162502,159663,157044,154941,153223,150600,148653,146396,146073,145197,143490,141918,140578,138608,136483,135381
E07000107,Dartford,Non-metropolitan District,114051,112606,109709,107516,105117,103531,102010,100399,98851,97604,96337,95266,93946,92242,91174,89990,88277,87011,86403,85956
E07000108,Dover,Non-metropolitan District,118514,118131,116969,115803,114572,113446,113292,112490,111798,111718,111072,110061,109848,109041,107904,107475,106878,105784,104883,104646
E07000112,Folkestone and Hythe,Non-metropolitan District,113320,112996,112578,111427,111024,109838,109324,108767,108611,108199,106962,105716,104782,103902,102469,101509,99949,98540,97205,96345
E07000109,Gravesham,Non-metropolitan District,106890,106939,106385,106121,106215,105715,104802,103383,102559,101766,101076,100188,99394,98496,97574,96884,95907,95569,95448,95791
E07000110,Maidstone,Non-metropolitan District,173132,171826,169955,167730,165719,164019,161510,159230,157368,155764,153739,151594,149723,147741,145307,143353,142242,141246,140338,139116
E07000111,Sevenoaks,Non-metropolitan District,121387,120750,120293,119429,119011,118165,117625,116889,116306,115351,114509,113754,113298,113132,112500,111266,110045,109280,109105,109242
E07000113,Swale,Non-metropolitan District,151015,150082,148519,146694,144917,142465,140901,139274,137794,136324,134980,133030,131720,129721,127568,126516,125890,125348,124172,123123
E07000114,Thanet,Non-metropolitan District,141458,141922,141819,141337,140828,139822,138526,136792,135687,134402,133508,132337,131750,130637,129601,129301,128782,128140,127675,126750
E07000115,Tonbridge and Malling,Non-metropolitan District,132571,132153,130508,128891,127305,125779,124583,123171,122030,121087,120054,118459,116967,115469,113536,111719,110441,109494,108673,107771
E07000116,Tunbridge Wells,Non-metropolitan District,118939,118724,118054,118061,117357,116610,116525,116094,115796,115246,114040,112774,111251,108927,107052,105877,105131,104390,104206,104049
E10000025,Oxfordshire,County,696880,691667,687524,682444,678484,673590,669377,663998,660009,654791,648688,643095,638784,635094,630873,627568,620412,616031,609491,607277
E07000177,Cherwell,Non-metropolitan District,151846,150503,149161,147602,146635,145554,144520,143822,142936,142252,141337,140301,139440,138120,137159,135876,134947,133977,132586,131988
E07000178,Oxford,Non-metropolitan District,151584,152457,154327,154582,155292,154716,154664,152406,151477,150245,147907,145478,144433,144188,144513,145383,141593,139917,136625,135509
E07000179,South Oxfordshire,Non-metropolitan District,143782,142057,140504,139767,139156,138177,137477,136328,135722,134961,133915,133466,132611,131626,130676,130050,129359,128920,128754,128307
E07000180,Vale of White Horse,Non-metropolitan District,137910,136007,133732,131227,128653,126534,124621,123497,122710,121891,120823,120026,119284,118994,118209,117390,116475,116134,115565,115772
E07000181,West Oxfordshire,Non-metropolitan District,111758,110643,109800,109266,108748,108609,108095,107945,107164,105442,104706,103824,103016,102166,100316,98869,98038,97083,95961,95701
E10000030,Surrey,County,1199870,1196236,1189934,1185321,1180956,1172382,1164095,1154136,1144046,1135367,1125804,1113665,1104242,1095639,1082841,1071781,1065142,1062774,1059472,1060163
E07000207,Elmbridge,Non-metropolitan District,137215,136795,136626,136379,136085,135398,134833,133499,132184,131428,130937,129991,129908,129756,128763,127286,125677,124990,123784,122709
E07000208,Epsom and Ewell,Non-metropolitan District,81003,80627,79928,79451,78999,78459,77988,76906,75839,75191,74278,73106,72514,71337,70028,69172,68386,67738,67554,67077
E07000209,Guildford,Non-metropolitan District,150352,148998,147889,147777,146845,145056,142551,140657,139338,137580,135547,133584,132401,131656,130673,129043,128575,128763,129297,129774
E07000210,Mole Valley,Non-metropolitan District,87547,87245,87253,87128,87258,86978,86871,86761,86096,85637,85413,84732,84256,83219,82319,81808,81498,81233,80498,80283
E07000211,Reigate and Banstead,Non-metropolitan District,149243,148748,147757,146383,145284,143794,142858,140928,139772,138375,136741,134934,132857,131224,129190,127760,127222,126665,126272,126661
E07000212,Runnymede,Non-metropolitan District,90327,89424,88000,86882,86370,84992,83906,83094,81878,80501,80283,79373,78694,78330,77169,77018,76948,77550,77649,78053
E07000213,Spelthorne,Non-metropolitan District,99873,99844,99334,99120,98869,98419,97941,97371,96737,95852,94848,94001,93182,92425,91512,90571,90127,90225,90292,90404
E07000214,Surrey Heath,Non-metropolitan District,89204,89305,88874,88765,88705,88385,87814,87134,86700,86378,85843,85142,84345,84214,83284,82321,81631,80938,80358,80309
E07000215,Tandridge,Non-metropolitan District,88542,88129,87496,87297,86527,85914,85340,84616,83642,83178,82756,82099,81543,80983,80027,79373,79050,79002,78906,79332
E07000216,Waverley,Non-metropolitan District,126556,126328,125610,125010,124593,124011,123359,122783,122081,121754,120957,120106,119012,118098,117038,116357,116230,116024,115573,115668
E07000217,Woking,Non-metropolitan District,100008,100793,101167,101129,101421,100976,100634,100387,99779,99493,98201,96597,95530,94397,92838,91072,89798,89646,89289,89893
E10000032,West Sussex,County,867635,863980,858852,852353,846888,838525,830512,822940,815960,808919,803154,796039,790978,784283,777402,770798,765987,760883,757263,754976
E07000223,Adur,Non-metropolitan District,64187,64301,63869,63721,63621,63526,63266,62605,61970,61334,61216,61023,60721,60564,60337,59821,59961,59993,60050,59714
E07000224,Arun,Non-metropolitan District,161123,160758,159827,158657,157287,155798,154653,153013,151556,149811,149467,148891,148458,147725,146750,145985,145149,143458,142385,140998
E07000225,Chichester,Non-metropolitan District,121508,121129,120750,120192,119125,117784,116261,115800,114899,113995,113411,112474,111796,110603,109686,108773,108157,107512,106990,106494
E07000226,Crawley,Non-metropolitan District,112474,112409,112448,111664,111546,110887,109874,108953,108234,107053,105478,103843,102827,101610,100746,99703,98887,98712,99195,100440
E07000227,Horsham,Non-metropolitan District,145474,143791,142217,140142,138523,136258,134507,133173,132267,131540,130916,129790,129073,128294,127190,125949,124920,123798,122694,122272
E07000228,Mid Sussex,Non-metropolitan District,152142,151022,149716,148345,147540,145969,144664,142983,141260,140188,138897,137209,135734,133976,132061,130503,129461,128623,127713,127397
E07000229,Worthing,Non-metropolitan District,110727,110570,110025,109632,109246,108303,107287,106413,105774,104998,103769,102809,102369,101511,100632,100064,99452,98787,98236,97661
E12000009,SOUTH WEST,Region,5659143,5624696,5599735,5559316,5516973,5471610,5423278,5377702,5339739,5300831,5261270,5226821,5205044,5170537,5119840,5086121,5038284,5006653,4976129,4943364
E06000022,Bath and North East Somerset,Unitary Authority,196357,193282,192106,188678,186946,184287,181241,179460,177196,175538,174267,173360,173565,172635,171204,171274,170585,170361,169819,169158
E06000058,"Bournemouth, Christchurch and Poole",Unitary Authority,396989,395331,395784,395638,394009,390889,388358,385178,382788,379441,373760,366948,363158,359462,353901,351616,348506,348483,348717,346829
E06000023,"Bristol, City of",Unitary Authority,465866,463377,463405,459252,455966,450640,443791,438386,433043,428074,423044,418990,414822,411901,408428,405407,395743,391454,389735,390049
E06000052,Cornwall,Unitary Authority,573299,569578,565968,561349,555057,550283,545961,541734,538249,533760,529794,526365,524973,521957,517984,515098,511810,508579,504644,499937
E06000059,Dorset,Unitary Authority,379791,378508,376484,375051,373288,371636,369485,368555,366966,365897,364317,363567,364085,363069,359806,357679,355305,353367,350487,346596
E06000053,Isles of Scilly,Unitary Authority,2226,2224,2242,2259,2331,2335,2292,2265,2279,2224,2228,2251,2333,2293,2264,2210,2210,2155,2170,2140
E06000024,North Somerset,Unitary Authority,215574,215052,213919,212834,211747,209941,208185,206182,204454,203091,202967,201711,200853,199498,197028,194745,192776,191323,189718,188840
E06000026,Plymouth,Unitary Authority,262839,262100,263100,263070,262355,261386,260512,258592,257744,256589,254227,253116,252488,251237,249178,247516,244037,243390,242550,240954
E06000025,South Gloucestershire,Unitary Authority,287816,285093,282644,279027,276677,273952,270994,268951,266193,263417,261471,259730,257970,256640,255258,253178,251226,249176,247755,245985
E06000030,Swindon,Unitary Authority,222881,222193,221996,220363,218580,217584,215991,214028,211918,209709,206939,204371,201521,196942,192345,189684,186390,184368,182110,180129
E06000027,Torbay,Unitary Authority,136218,136264,135780,135247,134406,133791,133264,132201,131480,131193,131443,131641,132070,132172,131857,132178,131937,131238,130521,129965
E06000054,Wiltshire,Unitary Authority,504070,500024,498064,496043,492240,488487,484560,479911,476914,474319,470199,466711,464007,458840,453041,448670,445632,442633,438386,433508
E10000008,Devon,County,810716,802375,795286,787171,778831,772406,764702,757930,753102,747709,743908,740988,739921,736326,729592,725620,718827,714055,709940,705568
E07000040,East Devon,Non-metropolitan District,148080,146284,144317,142265,140271,138380,136518,135046,134430,133272,132666,132378,132594,132023,130641,129797,128444,127170,126562,125713
E07000041,Exeter,Non-metropolitan District,133333,131405,130428,128916,127522,125679,123018,121030,119040,117063,115712,114419,114167,114109,113128,112970,110697,111064,110636,111180
E07000042,Mid Devon,Non-metropolitan District,83290,82311,81695,80623,79880,79582,79272,78706,78382,77936,77391,76981,76406,75599,74138,73323,72607,71472,70651,69887
E07000043,North Devon,Non-metropolitan District,98170,97145,96110,95440,94643,94162,94027,93839,93845,93976,93293,93046,92775,92355,91744,91146,90433,89570,88477,87674
E07000044,South Hams,Non-metropolitan District,87946,87004,86221,85340,84834,84886,84435,84112,83703,83563,83516,83368,83516,83363,82985,82489,82085,81994,82058,81929
E07000045,Teignbridge,Non-metropolitan District,135039,134163,132844,131437,129917,128903,127432,126088,125047,124271,124359,124451,124396,124066,123508,123460,122964,122424,121810,121167
E07000046,Torridge,Non-metropolitan District,68719,68267,68143,67821,67022,66312,65657,65127,64769,63973,63686,63477,63501,63100,62615,61954,61479,60663,59774,59129
E07000047,West Devon,Non-metropolitan District,56139,55796,55528,55329,54742,54502,54343,53982,53886,53655,53285,52868,52566,51711,50833,50481,50118,49698,49972,48889
E10000013,Gloucestershire,County,640650,637070,633558,628139,623094,617527,611739,605959,602216,598289,594097,590480,587610,585415,580702,576908,572641,569281,566445,564999
E07000078,Cheltenham,Non-metropolitan District,116043,116306,117090,117128,117217,116592,116379,115788,116058,115645,114901,113967,112971,112511,111637,110948,109763,109282,109775,110024
E07000079,Cotswold,Non-metropolitan District,90264,89862,89022,87509,86121,85548,84920,84266,83624,83180,82614,82765,83016,83202,82597,82205,81795,81212,80475,80387
E07000080,Forest of Dean,Non-metropolitan District,87107,86791,86543,85957,85411,84576,83682,82953,82716,82200,81896,81994,82099,82004,81733,81482,81091,80729,80125,80057
E07000081,Gloucester,Non-metropolitan District,129709,129128,129285,129083,128355,127169,125686,124535,123405,121921,120660,119348,118394,117225,115296,113876,112583,111545,110593,109947
E07000082,Stroud,Non-metropolitan District,120903,119964,119019,118130,117472,116774,115274,114094,113407,113074,112491,111853,111375,111069,110509,110122,109477,108840,108229,108060
E07000083,Tewkesbury,Non-metropolitan District,96624,95019,92599,90332,88518,86868,85798,84323,83006,82269,81535,80553,79755,79404,78930,78275,77932,77673,77248,76524
E10000027,Somerset,County,563851,562225,559399,555195,551446,546466,542203,538370,535197,531581,528609,526592,525668,522150,517252,514338,510659,506790,503132,498707
E07000187,Mendip,Non-metropolitan District,116288,115587,114881,113513,113131,112056,111091,110326,110050,109406,109006,108604,108567,107755,106833,106339,105798,105158,104634,103964
E07000188,Sedgemoor,Non-metropolitan District,123446,123178,122791,122178,121345,120141,118959,117441,116067,114919,113786,112934,112885,112102,110712,109698,108765,107785,107051,106030
E07000246,Somerset West and Taunton,Non-metropolitan District,155421,155115,153866,152288,150444,148759,147319,146597,146042,145143,144946,144376,144045,143337,142287,141816,141129,140384,139282,137654
E07000189,South Somerset,Non-metropolitan District,168696,168345,167861,167216,166526,165510,164834,164006,163038,162113,160871,160678,160171,158956,157420,156485,154967,153463,152165,151059
W92000004,WALES,Country,3169586,3152879,3138631,3125165,3113150,3099086,3092036,3082412,3074067,3063758,3049971,3038872,3025867,3006299,2985668,2969309,2957422,2937721,2922876,2910232
W06000001,Isle of Anglesey,Unitary Authority,70440,70043,69961,69794,69665,69936,70141,70073,70037,69913,69833,69884,69916,69700,69388,69095,68753,68140,67879,67806
W06000002,Gwynedd,Unitary Authority,125171,124560,124178,123742,123323,122635,121897,121653,122007,121523,121155,120344,119746,119398,119070,118641,118721,118022,117344,116844
W06000003,Conwy,Unitary Authority,118184,117203,117181,116863,116820,116450,116420,115912,115553,115326,114682,114623,114371,113778,113004,112374,112272,111248,110624,109674
W06000004,Denbighshire,Unitary Authority,96664,95696,95330,95159,94984,94836,94837,94518,94053,93919,94152,94444,94739,94530,93983,93978,94010,93872,93478,93070
W06000005,Flintshire,Unitary Authority,156847,156100,155593,155155,154626,154085,153819,153223,152776,152666,152080,151985,151501,150816,150125,149890,149681,149176,148947,148629
W06000006,Wrexham,Unitary Authority,136055,135957,136126,135571,135408,135418,135953,135801,135498,135070,134009,133295,132371,131263,130311,129249,129005,128914,128595,128540
W06000023,Powys,Unitary Authority,133030,132435,132447,132515,132337,132730,132777,132786,133015,133071,132878,133090,132865,131982,131037,130210,129568,128295,127145,126398
W06000008,Ceredigion,Unitary Authority,72895,72695,72992,73076,73665,74211,75133,75789,75932,75293,75217,74642,74971,75326,75342,75485,75775,75581,75500,75417
W06000009,Pembrokeshire,Unitary Authority,126751,125818,125055,124711,124237,123671,123826,123375,123135,122613,121974,121563,121134,119640,118278,117204,116428,115147,114146,113058
W06000010,Carmarthenshire,Unitary Authority,190073,188771,187568,186452,185754,185247,184968,184669,184332,183961,183004,182846,182517,181314,179504,178229,177487,176133,174628,173652
W06000011,Swansea,Unitary Authority,246563,246993,246466,245480,244462,242316,240966,240108,239460,238691,237311,235601,234139,232460,230793,229347,228176,226350,224755,223463
W06000012,Neath Port Talbot,Unitary Authority,144386,143315,142906,142090,141678,140946,140453,139867,140081,139880,139638,139537,139481,138957,138323,137670,137144,136233,134931,134380
W06000013,Bridgend,Unitary Authority,147539,147049,144876,144288,143408,142259,141287,140536,139769,139410,138471,137783,137175,135949,134164,132893,131947,131032,129741,128735
W06000014,Vale of Glamorgan,Unitary Authority,135295,133587,132165,130690,128891,127980,128009,127436,126998,126679,126435,126162,125713,124732,123642,122877,122101,120980,120279,119277
W06000015,Cardiff,Unitary Authority,369202,366903,364248,362756,361168,357496,354829,352146,348724,345442,341402,337656,332790,328196,323766,321001,317099,313246,312021,310088
W06000016,Rhondda Cynon Taf,Unitary Authority,241873,241264,240131,239127,238179,237378,236871,236166,235612,234373,234459,234743,234724,234471,234493,234070,233971,232361,231795,231910
W06000024,Merthyr Tydfil,Unitary Authority,60424,60326,60183,59953,59714,59247,59056,59008,58907,58851,58493,58156,57688,57173,56627,56259,56020,55955,55996,56207
W06000018,Caerphilly,Unitary Authority,181731,181075,181019,180795,180453,180168,179933,179230,179014,178782,178101,177159,176259,174987,173741,172777,172361,171363,170776,169546
W06000019,Blaenau Gwent,Unitary Authority,70020,69862,69713,69609,69630,69547,69653,69764,69806,69812,69798,69850,69820,69685,69610,69188,69242,69228,69452,70000
W06000020,Torfaen,Unitary Authority,94832,93961,93049,92264,91994,91767,91549,91362,91346,91190,91060,91199,91094,90974,90820,90644,90516,90719,90700,90912
W06000021,Monmouthshire,Unitary Authority,95164,94590,94142,93590,93276,92805,92540,92249,91737,91508,91016,90557,90109,89592,89090,88611,87829,86605,85417,84984
W06000022,Newport,Unitary Authority,156447,154676,153302,151485,149478,147958,147119,146741,146275,145785,144803,143753,142744,141376,140557,139617,139316,139121,138727,137642
S92000003,SCOTLAND,Country,5466000,5463300,5438100,5424800,5404700,5373000,5347600,5327700,5313600,5299900,5262200,5231900,5202900,5170000,5133100,5110200,5084300,5068500,5066000,5064200
S12000033,Aberdeen City,Council Area,229060,228670,227560,228800,229840,230350,228920,227070,224910,222460,219730,217020,214020,212460,209620,208690,207820,209280,210680,211910
S12000034,Aberdeenshire,Council Area,260780,261210,261470,261800,262190,261960,260530,257770,255560,253650,251430,249020,246840,244390,241180,237570,234690,231250,228830,226940
S12000041,Angus,Council Area,115820,116200,116040,116280,116520,116900,116740,116290,116220,116200,115410,114830,114490,113540,112500,111340,110170,108710,108810,108370
S12000035,Argyll and Bute,Council Area,85430,85870,86260,86810,87130,86890,87650,88050,86910,88930,88620,89450,89910,90790,90870,90350,90580,90930,91020,91300
S12000036,City of Edinburgh,Council Area,527620,524930,518500,513210,507170,498810,492610,487460,482630,477940,469940,463240,458520,456040,452060,449480,445870,445290,447490,449020
S12000005,Clackmannanshire,Council Area,51290,51540,51400,51450,51350,51360,51190,51280,51280,51500,51330,51290,51190,50600,49540,49160,48670,48140,48140,48070
S12000006,Dumfries and Galloway,Council Area,148290,148860,148790,149200,149520,149670,149960,150280,150840,151410,151100,151160,151010,150370,149780,149620,148690,147860,147670,147780
S12000042,Dundee City,Council Area,148820,149320,148750,148710,148270,148210,148130,148100,147780,147200,146060,145170,144290,143700,143370,143600,143100,144070,144370,145460
S12000008,East Ayrshire,Council Area,121600,122010,121840,121940,122200,122060,122130,122430,122730,122690,122410,122110,121590,120950,120450,120280,120210,119860,119920,120310
S12000045,East Dunbartonshire,Council Area,108750,108640,108330,108130,107540,106960,106710,105840,105880,105000,104920,104960,104940,105050,105590,106040,106540,107000,107350,108250
S12000010,East Lothian,Council Area,107900,107090,105790,104840,104090,103050,102090,101390,100860,99920,99140,98340,97470,95560,93850,92730,92170,91640,91050,90180
S12000011,East Renfrewshire,Council Area,96060,95530,95170,94760,93810,92940,92410,91530,91040,90810,90410,89980,89870,89840,89750,89880,89790,89870,89930,89410
S12000014,Falkirk,Council Area,160560,160890,160340,160130,159380,158460,157690,157160,156800,156250,155140,154210,153290,152320,151090,150130,148300,146800,145930,145270
S12000047,Fife,Council Area,374130,373550,371910,371410,370330,368080,367250,366900,366210,365300,362610,361410,360050,358750,357260,355450,353050,351350,350740,349770
S12000049,Glasgow City,Council Area,635640,633120,626410,621020,615070,606340,599640,596520,595070,593060,586500,581620,576200,571760,568480,569240,569560,572260,576450,578710
S12000017,Highland,Council Area,235430,235830,235540,235180,234770,234110,233080,232930,232890,232730,230730,228750,226980,224000,220780,218060,214560,211640,209760,208920
S12000018,Inverclyde,Council Area,77060,77800,78150,78760,79160,79500,79890,80340,80690,81220,81510,81670,82000,82110,82320,82680,82690,83300,83730,84150
S12000019,Midlothian,Council Area,93150,92460,91340,90090,88610,87390,86220,84710,84240,83450,82360,81900,81540,80370,80000,80050,80230,80280,80870,80950
S12000020,Moray,Council Area,95710,95820,95520,95780,96070,95510,94770,94360,92930,93470,93690,93170,92830,91440,90780,90100,89380,88830,87690,87000
S12000013,Na h-Eileanan Siar,Council Area,26500,26720,26830,26950,26900,27070,27250,27400,27560,27690,27600,27420,27280,27210,27060,26930,26650,26430,26350,26450
S12000021,North Ayrshire,Council Area,134250,134740,135280,135790,135890,136130,136480,136940,137570,138090,137790,137830,137910,137420,136790,136690,136500,136310,135890,135820
S12000050,North Lanarkshire,Council Area,341140,341370,340180,339960,339390,338260,338000,337780,337890,337720,336280,335160,333290,331170,328740,327140,325400,323700,322520,321180
S12000023,Orkney Islands,Council Area,22400,22270,22190,22000,21850,21670,21580,21560,21530,21420,21220,20940,20740,20580,20340,20070,19830,19540,19340,19220
S12000048,Perth and Kinross,Council Area,151910,151950,151290,151100,150680,149930,148930,147770,147740,146850,145600,144370,143130,141140,139390,138060,136900,135960,135130,134950
S12000038,Renfrewshire,Council Area,179390,179100,177790,176830,175930,174560,174230,173890,174300,174700,173700,173020,172640,171860,171270,171430,171470,171560,172300,172850
S12000026,Scottish Borders,Council Area,115240,115510,115270,115020,114530,114030,114040,113880,113720,113880,113690,113590,113360,112200,110860,110250,109460,108400,107530,106950
S12000027,Shetland Islands,Council Area,22870,22920,22990,23080,23200,23200,23220,23200,23210,23240,23060,22790,22480,22350,22210,22250,22090,21960,22000,21960
S12000028,South Ayrshire,Council Area,112140,112610,112550,112680,112470,112400,112530,112870,112920,112980,112600,112490,112610,112380,112100,112030,111840,111550,111690,112160
S12000029,South Lanarkshire,Council Area,320820,320530,319020,318170,317100,316230,315300,314810,314330,313900,313180,312180,311320,310380,308450,306850,305670,303480,302780,302340
S12000030,Stirling,Council Area,94080,94210,94330,94000,93750,92830,91520,91230,91010,90330,89550,88690,88540,88430,88090,87510,86910,87090,86630,86200
S12000039,West Dunbartonshire,Council Area,88340,88930,89130,89610,89860,89590,89710,89800,90340,90610,90800,91080,91190,91370,91420,91530,91970,92470,93040,93320
S12000040,West Lothian,Council Area,183820,183100,182140,181310,180130,178550,177200,176160,176010,175300,174090,173040,171380,169470,167110,165010,163540,161690,160370,159030
N92000002,NORTHERN IRELAND,Country,1895510,1893667,1881641,1870834,1862137,1851621,1840498,1829725,1823634,1814318,1804833,1793333,1779152,1761683,1743113,1727733,1714042,1704924,1697534,1688838
N09000001,Antrim and Newtownabbey,Local Government District,143756,143504,142492,141697,141032,140467,139966,139536,139157,138651,138044,137422,136122,134756,133216,132350,131067,130356,129502,128760
N09000011,Ards and North Down,Local Government District,162056,161725,160864,160098,159593,158797,157931,157640,157637,156943,156518,156058,155014,154406,153488,152233,150912,150424,150198,149559
N09000002,"Armagh City, Banbridge and Craigavon",Local Government District,217232,216205,214090,211898,210260,207797,205711,203757,202398,200298,198202,196203,193603,190505,187196,183933,180828,178954,177357,176014
N09000003,Belfast,Local Government District,342560,343542,341877,340220,339579,338907,336830,335133,333962,333895,333489,331763,330052,327383,325985,325483,326268,327176,328471,328695
N09000004,Causeway Coast and Glens,Local Government District,144943,144838,144246,143920,143525,143148,142303,141699,141434,140907,140107,139616,139004,138375,137438,136340,135209,134152,132827,131374
N09000005,Derry City and Strabane,Local Government District,151109,151284,150679,150497,150142,149473,149198,148632,148619,148191,148148,148053,147496,146742,145855,145447,145041,144629,144280,143810
N09000006,Fermanagh and Omagh,Local Government District,117337,117397,116835,116289,115799,115311,114992,114365,114230,113501,112919,111998,111494,110345,109344,108586,107923,107332,106663,105751
N09000007,Lisburn and Castlereagh,Local Government District,146452,146002,144381,142640,141181,140205,138627,136808,136311,135280,133909,132386,130584,129179,128185,127043,125764,125001,124757,124585
N09000008,Mid and East Antrim,Local Government District,139443,139274,138773,138152,137821,137145,136642,135997,135838,135365,135157,134774,134169,133270,132021,130980,129925,129181,128281,127452
N09000009,Mid Ulster,Local Government District,148953,148528,147392,146427,145389,144002,142895,141329,140357,139011,137221,135408,133595,131088,127662,124885,122645,121324,120214,119112
N09000010,"Newry, Mourne and Down",Local Government District,181669,181368,180012,178996,177816,176369,175403,174829,173691,172276,171119,169652,168019,165634,162723,160453,158460,156395,154984,153726